,Mean,MCSE,StdDev,MAD,5%,50%,95%,ESS_bulk,ESS_tail,ESS_bulk/s,R_hat
lp__,-442.8,0.14839,4.40818,4.40246,-450.794,-442.45,-436.192,898.654,1426.74,622.337,1.00472
alpha_0,73.8974,0.0455483,1.88337,1.72508,70.8166,73.8769,76.908,1848.51,2012.83,1280.13,1.00161
tau_alpha,4.02746,0.0523552,1.90048,1.6471,1.47471,3.75724,7.42019,1221.25,1009.31,845.739,1.0012
z_alpha[1],-0.0605307,0.0115951,0.652229,0.619844,-1.1217,-0.0590285,1.03352,3234.65,2694.62,2240.06,1.00206
z_alpha[2],-0.808246,0.0122824,0.673446,0.656546,-1.9545,-0.793407,0.231179,3118.99,2399.68,2159.96,1.00212
z_alpha[3],0.202724,0.0121772,0.633358,0.611378,-0.788068,0.190996,1.24787,2704.29,2618.07,1872.78,1.00127
z_alpha[4],0.76202,0.0121357,0.68211,0.659083,-0.329653,0.750938,1.86909,3184.02,2805.08,2205.0,1.00141
z_alpha[5],-0.791085,0.0113099,0.651306,0.615505,-1.90138,-0.775197,0.213746,3347.2,2802.69,2318.01,1.0019
z_alpha[6],-0.518673,0.0120332,0.667724,0.64926,-1.62894,-0.518121,0.549711,3116.79,2469.99,2158.44,1.00252
z_alpha[7],1.19444,0.0126367,0.690337,0.675342,0.1148,1.17109,2.34309,2983.94,2507.2,2066.44,1.00096
z_alpha[8],-0.169056,0.0104446,0.618475,0.579514,-1.17242,-0.167627,0.847877,3516.6,3128.82,2435.32,1.00046
beta_0,6.68409,0.0283027,1.73606,1.70011,3.88306,6.70077,9.5195,3806.48,2563.26,2636.07,1.00207
tau_beta,2.28152,0.0404621,1.68677,1.67224,0.160844,1.99112,5.43117,1550.75,1709.02,1073.93,1.00416
z_beta[1],0.434068,0.015787,0.95164,0.924411,-1.19314,0.458478,1.98022,3803.0,2227.77,2633.65,1.00232
z_beta[2],-0.406299,0.0138893,0.918112,0.878438,-1.8739,-0.423718,1.16165,4416.92,3010.0,3058.81,1.00028
z_beta[3],-0.584704,0.0146906,0.900619,0.870823,-2.01051,-0.594474,0.949416,3688.75,3060.38,2554.54,1.00026
z_beta[4],0.416055,0.0149331,0.906042,0.883283,-1.10642,0.446136,1.87114,3750.67,3037.18,2597.42,1.00084
z_beta[5],0.121414,0.0136183,0.898759,0.880542,-1.31938,0.116963,1.61426,4409.89,2832.5,3053.94,1.00096
z_beta[6],-0.0538844,0.0133927,0.909339,0.8968,-1.55275,-0.0435727,1.44034,4793.15,2955.0,3319.36,1.00011
z_beta[7],0.0582854,0.0143681,0.910584,0.907204,-1.40706,0.0677245,1.54998,4062.53,3188.82,2813.38,1.00028
z_beta[8],0.165241,0.0124454,0.884074,0.839811,-1.32497,0.17639,1.60579,5077.66,3276.14,3516.39,1.00167
sigma,9.44844,0.00805344,0.533707,0.534816,8.60799,9.4329,10.3518,4505.89,2942.96,3120.42,1.00031
alpha[1],73.6301,0.0278373,2.17268,2.13102,70.1438,73.6347,77.1681,6136.57,3328.21,4249.7,1.00224
alpha[2],70.8172,0.0401993,2.25508,2.30199,67.0253,70.8367,74.5808,3225.05,3014.17,2233.41,1.00088
alpha[3],74.6004,0.0307382,2.04893,2.04692,71.3122,74.5366,78.0443,4465.16,3410.24,3092.22,0.999947
alpha[4],76.7812,0.0416647,2.39861,2.46452,72.953,76.7397,80.6732,3300.16,2852.74,2285.43,0.999498
alpha[5],70.8904,0.0376364,2.23839,2.26225,67.0575,70.9517,74.4262,3505.95,3459.69,2427.94,1.00129
alpha[6],71.8604,0.0328055,2.27632,2.22447,67.9294,71.9363,75.4584,4868.27,3549.53,3371.38,1.00254
alpha[7],78.4712,0.0563675,2.72976,2.73065,74.034,78.3965,83.1457,2313.8,2356.74,1602.35,1.00037
alpha[8],73.2759,0.0261919,1.93024,1.82938,70.1011,73.2948,76.4385,5529.69,3334.88,3829.43,1.00053
beta[1],8.05048,0.054406,2.9666,2.56554,3.9012,7.69733,13.521,3023.88,2881.27,2094.1,1.00068
beta[2],5.53648,0.0426921,2.49312,2.32434,1.05628,5.7573,9.23442,3473.21,3265.14,2405.27,1.00123
beta[3],5.04338,0.0459453,2.65262,2.42844,0.0836799,5.42274,8.75565,3349.2,3375.65,2319.39,1.00052
beta[4],7.91451,0.0464359,2.68698,2.44337,3.95642,7.61063,12.8675,3431.3,3383.2,2376.25,1.00044
beta[5],7.03258,0.0363547,2.34922,2.19004,3.35731,6.99911,11.1253,4200.96,3331.4,2909.25,1.00113
beta[6],6.51547,0.035866,2.48155,2.25599,2.37189,6.57434,10.5106,4815.8,3509.9,3335.04,0.999989
beta[7],6.81612,0.0382895,2.45495,2.19957,2.77601,6.79433,10.9646,4224.45,3179.64,2925.52,1.0003
beta[8],7.15347,0.03139,2.30274,2.17333,3.61899,7.08354,11.1002,5447.11,3541.67,3772.23,0.999827
mu[1],73.6301,0.0278373,2.17268,2.13102,70.1438,73.6347,77.1681,6136.57,3328.21,4249.7,1.00224
mu[2],81.6806,0.0501051,3.09123,2.92843,76.9341,81.5027,86.9353,3865.58,3364.17,2677.0,1.00072
mu[3],81.6806,0.0501051,3.09123,2.92843,76.9341,81.5027,86.9353,3865.58,3364.17,2677.0,1.00072
mu[4],73.6301,0.0278373,2.17268,2.13102,70.1438,73.6347,77.1681,6136.57,3328.21,4249.7,1.00224
mu[5],73.6301,0.0278373,2.17268,2.13102,70.1438,73.6347,77.1681,6136.57,3328.21,4249.7,1.00224
mu[6],73.6301,0.0278373,2.17268,2.13102,70.1438,73.6347,77.1681,6136.57,3328.21,4249.7,1.00224
mu[7],73.6301,0.0278373,2.17268,2.13102,70.1438,73.6347,77.1681,6136.57,3328.21,4249.7,1.00224
mu[8],81.6806,0.0501051,3.09123,2.92843,76.9341,81.5027,86.9353,3865.58,3364.17,2677.0,1.00072
mu[9],73.6301,0.0278373,2.17268,2.13102,70.1438,73.6347,77.1681,6136.57,3328.21,4249.7,1.00224
mu[10],73.6301,0.0278373,2.17268,2.13102,70.1438,73.6347,77.1681,6136.57,3328.21,4249.7,1.00224
mu[11],81.6806,0.0501051,3.09123,2.92843,76.9341,81.5027,86.9353,3865.58,3364.17,2677.0,1.00072
mu[12],73.6301,0.0278373,2.17268,2.13102,70.1438,73.6347,77.1681,6136.57,3328.21,4249.7,1.00224
mu[13],73.6301,0.0278373,2.17268,2.13102,70.1438,73.6347,77.1681,6136.57,3328.21,4249.7,1.00224
mu[14],73.6301,0.0278373,2.17268,2.13102,70.1438,73.6347,77.1681,6136.57,3328.21,4249.7,1.00224
mu[15],73.6301,0.0278373,2.17268,2.13102,70.1438,73.6347,77.1681,6136.57,3328.21,4249.7,1.00224
mu[16],76.3536,0.0380226,2.41765,2.36005,72.3623,76.4081,80.2592,4081.35,3394.19,2826.42,1.00015
mu[17],70.8172,0.0401993,2.25508,2.30199,67.0253,70.8367,74.5808,3225.05,3014.17,2233.41,1.00088
mu[18],76.3536,0.0380226,2.41765,2.36005,72.3623,76.4081,80.2592,4081.35,3394.19,2826.42,1.00015
mu[19],76.3536,0.0380226,2.41765,2.36005,72.3623,76.4081,80.2592,4081.35,3394.19,2826.42,1.00015
mu[20],70.8172,0.0401993,2.25508,2.30199,67.0253,70.8367,74.5808,3225.05,3014.17,2233.41,1.00088
mu[21],76.3536,0.0380226,2.41765,2.36005,72.3623,76.4081,80.2592,4081.35,3394.19,2826.42,1.00015
mu[22],76.3536,0.0380226,2.41765,2.36005,72.3623,76.4081,80.2592,4081.35,3394.19,2826.42,1.00015
mu[23],76.3536,0.0380226,2.41765,2.36005,72.3623,76.4081,80.2592,4081.35,3394.19,2826.42,1.00015
mu[24],76.3536,0.0380226,2.41765,2.36005,72.3623,76.4081,80.2592,4081.35,3394.19,2826.42,1.00015
mu[25],76.3536,0.0380226,2.41765,2.36005,72.3623,76.4081,80.2592,4081.35,3394.19,2826.42,1.00015
mu[26],76.3536,0.0380226,2.41765,2.36005,72.3623,76.4081,80.2592,4081.35,3394.19,2826.42,1.00015
mu[27],70.8172,0.0401993,2.25508,2.30199,67.0253,70.8367,74.5808,3225.05,3014.17,2233.41,1.00088
mu[28],70.8172,0.0401993,2.25508,2.30199,67.0253,70.8367,74.5808,3225.05,3014.17,2233.41,1.00088
mu[29],70.8172,0.0401993,2.25508,2.30199,67.0253,70.8367,74.5808,3225.05,3014.17,2233.41,1.00088
mu[30],70.8172,0.0401993,2.25508,2.30199,67.0253,70.8367,74.5808,3225.05,3014.17,2233.41,1.00088
mu[31],70.8172,0.0401993,2.25508,2.30199,67.0253,70.8367,74.5808,3225.05,3014.17,2233.41,1.00088
mu[32],70.8172,0.0401993,2.25508,2.30199,67.0253,70.8367,74.5808,3225.05,3014.17,2233.41,1.00088
mu[33],76.3536,0.0380226,2.41765,2.36005,72.3623,76.4081,80.2592,4081.35,3394.19,2826.42,1.00015
mu[34],70.8172,0.0401993,2.25508,2.30199,67.0253,70.8367,74.5808,3225.05,3014.17,2233.41,1.00088
mu[35],70.8172,0.0401993,2.25508,2.30199,67.0253,70.8367,74.5808,3225.05,3014.17,2233.41,1.00088
mu[36],79.6438,0.0364115,2.32857,2.26725,75.6243,79.7664,83.2543,4108.49,3424.3,2845.21,1.00135
mu[37],79.6438,0.0364115,2.32857,2.26725,75.6243,79.7664,83.2543,4108.49,3424.3,2845.21,1.00135
mu[38],74.6004,0.0307382,2.04893,2.04692,71.3122,74.5366,78.0443,4465.16,3410.24,3092.22,0.999947
mu[39],79.6438,0.0364115,2.32857,2.26725,75.6243,79.7664,83.2543,4108.49,3424.3,2845.21,1.00135
mu[40],74.6004,0.0307382,2.04893,2.04692,71.3122,74.5366,78.0443,4465.16,3410.24,3092.22,0.999947
mu[41],74.6004,0.0307382,2.04893,2.04692,71.3122,74.5366,78.0443,4465.16,3410.24,3092.22,0.999947
mu[42],74.6004,0.0307382,2.04893,2.04692,71.3122,74.5366,78.0443,4465.16,3410.24,3092.22,0.999947
mu[43],74.6004,0.0307382,2.04893,2.04692,71.3122,74.5366,78.0443,4465.16,3410.24,3092.22,0.999947
mu[44],79.6438,0.0364115,2.32857,2.26725,75.6243,79.7664,83.2543,4108.49,3424.3,2845.21,1.00135
mu[45],74.6004,0.0307382,2.04893,2.04692,71.3122,74.5366,78.0443,4465.16,3410.24,3092.22,0.999947
mu[46],79.6438,0.0364115,2.32857,2.26725,75.6243,79.7664,83.2543,4108.49,3424.3,2845.21,1.00135
mu[47],79.6438,0.0364115,2.32857,2.26725,75.6243,79.7664,83.2543,4108.49,3424.3,2845.21,1.00135
mu[48],74.6004,0.0307382,2.04893,2.04692,71.3122,74.5366,78.0443,4465.16,3410.24,3092.22,0.999947
mu[49],74.6004,0.0307382,2.04893,2.04692,71.3122,74.5366,78.0443,4465.16,3410.24,3092.22,0.999947
mu[50],79.6438,0.0364115,2.32857,2.26725,75.6243,79.7664,83.2543,4108.49,3424.3,2845.21,1.00135
mu[51],74.6004,0.0307382,2.04893,2.04692,71.3122,74.5366,78.0443,4465.16,3410.24,3092.22,0.999947
mu[52],74.6004,0.0307382,2.04893,2.04692,71.3122,74.5366,78.0443,4465.16,3410.24,3092.22,0.999947
mu[53],74.6004,0.0307382,2.04893,2.04692,71.3122,74.5366,78.0443,4465.16,3410.24,3092.22,0.999947
mu[54],74.6004,0.0307382,2.04893,2.04692,71.3122,74.5366,78.0443,4465.16,3410.24,3092.22,0.999947
mu[55],79.6438,0.0364115,2.32857,2.26725,75.6243,79.7664,83.2543,4108.49,3424.3,2845.21,1.00135
mu[56],79.6438,0.0364115,2.32857,2.26725,75.6243,79.7664,83.2543,4108.49,3424.3,2845.21,1.00135
mu[57],79.6438,0.0364115,2.32857,2.26725,75.6243,79.7664,83.2543,4108.49,3424.3,2845.21,1.00135
mu[58],79.6438,0.0364115,2.32857,2.26725,75.6243,79.7664,83.2543,4108.49,3424.3,2845.21,1.00135
mu[59],79.6438,0.0364115,2.32857,2.26725,75.6243,79.7664,83.2543,4108.49,3424.3,2845.21,1.00135
mu[60],74.6004,0.0307382,2.04893,2.04692,71.3122,74.5366,78.0443,4465.16,3410.24,3092.22,0.999947
mu[61],76.7812,0.0416647,2.39861,2.46452,72.953,76.7397,80.6732,3300.16,2852.74,2285.43,0.999498
mu[62],76.7812,0.0416647,2.39861,2.46452,72.953,76.7397,80.6732,3300.16,2852.74,2285.43,0.999498
mu[63],84.6957,0.0411086,2.56666,2.51786,80.6413,84.6188,89.0918,3886.49,3554.12,2691.47,0.999824
mu[64],76.7812,0.0416647,2.39861,2.46452,72.953,76.7397,80.6732,3300.16,2852.74,2285.43,0.999498
mu[65],76.7812,0.0416647,2.39861,2.46452,72.953,76.7397,80.6732,3300.16,2852.74,2285.43,0.999498
mu[66],76.7812,0.0416647,2.39861,2.46452,72.953,76.7397,80.6732,3300.16,2852.74,2285.43,0.999498
mu[67],84.6957,0.0411086,2.56666,2.51786,80.6413,84.6188,89.0918,3886.49,3554.12,2691.47,0.999824
mu[68],76.7812,0.0416647,2.39861,2.46452,72.953,76.7397,80.6732,3300.16,2852.74,2285.43,0.999498
mu[69],84.6957,0.0411086,2.56666,2.51786,80.6413,84.6188,89.0918,3886.49,3554.12,2691.47,0.999824
mu[70],84.6957,0.0411086,2.56666,2.51786,80.6413,84.6188,89.0918,3886.49,3554.12,2691.47,0.999824
mu[71],76.7812,0.0416647,2.39861,2.46452,72.953,76.7397,80.6732,3300.16,2852.74,2285.43,0.999498
mu[72],84.6957,0.0411086,2.56666,2.51786,80.6413,84.6188,89.0918,3886.49,3554.12,2691.47,0.999824
mu[73],76.7812,0.0416647,2.39861,2.46452,72.953,76.7397,80.6732,3300.16,2852.74,2285.43,0.999498
mu[74],84.6957,0.0411086,2.56666,2.51786,80.6413,84.6188,89.0918,3886.49,3554.12,2691.47,0.999824
mu[75],84.6957,0.0411086,2.56666,2.51786,80.6413,84.6188,89.0918,3886.49,3554.12,2691.47,0.999824
mu[76],84.6957,0.0411086,2.56666,2.51786,80.6413,84.6188,89.0918,3886.49,3554.12,2691.47,0.999824
mu[77],76.7812,0.0416647,2.39861,2.46452,72.953,76.7397,80.6732,3300.16,2852.74,2285.43,0.999498
mu[78],84.6957,0.0411086,2.56666,2.51786,80.6413,84.6188,89.0918,3886.49,3554.12,2691.47,0.999824
mu[79],70.8904,0.0376364,2.23839,2.26225,67.0575,70.9517,74.4262,3505.95,3459.69,2427.94,1.00129
mu[80],77.923,0.0314749,2.13469,2.11903,74.5044,77.9134,81.5869,4628.58,3393.85,3205.38,1.00004
mu[81],77.923,0.0314749,2.13469,2.11903,74.5044,77.9134,81.5869,4628.58,3393.85,3205.38,1.00004
mu[82],77.923,0.0314749,2.13469,2.11903,74.5044,77.9134,81.5869,4628.58,3393.85,3205.38,1.00004
mu[83],70.8904,0.0376364,2.23839,2.26225,67.0575,70.9517,74.4262,3505.95,3459.69,2427.94,1.00129
mu[84],70.8904,0.0376364,2.23839,2.26225,67.0575,70.9517,74.4262,3505.95,3459.69,2427.94,1.00129
mu[85],77.923,0.0314749,2.13469,2.11903,74.5044,77.9134,81.5869,4628.58,3393.85,3205.38,1.00004
mu[86],77.923,0.0314749,2.13469,2.11903,74.5044,77.9134,81.5869,4628.58,3393.85,3205.38,1.00004
mu[87],77.923,0.0314749,2.13469,2.11903,74.5044,77.9134,81.5869,4628.58,3393.85,3205.38,1.00004
mu[88],77.923,0.0314749,2.13469,2.11903,74.5044,77.9134,81.5869,4628.58,3393.85,3205.38,1.00004
mu[89],77.923,0.0314749,2.13469,2.11903,74.5044,77.9134,81.5869,4628.58,3393.85,3205.38,1.00004
mu[90],70.8904,0.0376364,2.23839,2.26225,67.0575,70.9517,74.4262,3505.95,3459.69,2427.94,1.00129
mu[91],70.8904,0.0376364,2.23839,2.26225,67.0575,70.9517,74.4262,3505.95,3459.69,2427.94,1.00129
mu[92],77.923,0.0314749,2.13469,2.11903,74.5044,77.9134,81.5869,4628.58,3393.85,3205.38,1.00004
mu[93],77.923,0.0314749,2.13469,2.11903,74.5044,77.9134,81.5869,4628.58,3393.85,3205.38,1.00004
mu[94],70.8904,0.0376364,2.23839,2.26225,67.0575,70.9517,74.4262,3505.95,3459.69,2427.94,1.00129
mu[95],70.8904,0.0376364,2.23839,2.26225,67.0575,70.9517,74.4262,3505.95,3459.69,2427.94,1.00129
mu[96],77.923,0.0314749,2.13469,2.11903,74.5044,77.9134,81.5869,4628.58,3393.85,3205.38,1.00004
mu[97],70.8904,0.0376364,2.23839,2.26225,67.0575,70.9517,74.4262,3505.95,3459.69,2427.94,1.00129
mu[98],70.8904,0.0376364,2.23839,2.26225,67.0575,70.9517,74.4262,3505.95,3459.69,2427.94,1.00129
mu[99],77.923,0.0314749,2.13469,2.11903,74.5044,77.9134,81.5869,4628.58,3393.85,3205.38,1.00004
mu[100],77.923,0.0314749,2.13469,2.11903,74.5044,77.9134,81.5869,4628.58,3393.85,3205.38,1.00004
mu[101],71.8604,0.0328055,2.27632,2.22447,67.9294,71.9363,75.4584,4868.27,3549.53,3371.38,1.00254
mu[102],78.3759,0.0350715,2.4746,2.46568,74.2167,78.441,82.3401,5054.45,3691.09,3500.31,1.00102
mu[103],71.8604,0.0328055,2.27632,2.22447,67.9294,71.9363,75.4584,4868.27,3549.53,3371.38,1.00254
mu[104],71.8604,0.0328055,2.27632,2.22447,67.9294,71.9363,75.4584,4868.27,3549.53,3371.38,1.00254
mu[105],78.3759,0.0350715,2.4746,2.46568,74.2167,78.441,82.3401,5054.45,3691.09,3500.31,1.00102
mu[106],71.8604,0.0328055,2.27632,2.22447,67.9294,71.9363,75.4584,4868.27,3549.53,3371.38,1.00254
mu[107],78.3759,0.0350715,2.4746,2.46568,74.2167,78.441,82.3401,5054.45,3691.09,3500.31,1.00102
mu[108],78.3759,0.0350715,2.4746,2.46568,74.2167,78.441,82.3401,5054.45,3691.09,3500.31,1.00102
mu[109],78.3759,0.0350715,2.4746,2.46568,74.2167,78.441,82.3401,5054.45,3691.09,3500.31,1.00102
mu[110],71.8604,0.0328055,2.27632,2.22447,67.9294,71.9363,75.4584,4868.27,3549.53,3371.38,1.00254
mu[111],71.8604,0.0328055,2.27632,2.22447,67.9294,71.9363,75.4584,4868.27,3549.53,3371.38,1.00254
mu[112],78.3759,0.0350715,2.4746,2.46568,74.2167,78.441,82.3401,5054.45,3691.09,3500.31,1.00102
mu[113],71.8604,0.0328055,2.27632,2.22447,67.9294,71.9363,75.4584,4868.27,3549.53,3371.38,1.00254
mu[114],78.3759,0.0350715,2.4746,2.46568,74.2167,78.441,82.3401,5054.45,3691.09,3500.31,1.00102
mu[115],78.3759,0.0350715,2.4746,2.46568,74.2167,78.441,82.3401,5054.45,3691.09,3500.31,1.00102
mu[116],78.3759,0.0350715,2.4746,2.46568,74.2167,78.441,82.3401,5054.45,3691.09,3500.31,1.00102
mu[117],71.8604,0.0328055,2.27632,2.22447,67.9294,71.9363,75.4584,4868.27,3549.53,3371.38,1.00254
mu[118],85.2873,0.0377014,2.35932,2.33593,81.4707,85.2672,89.2759,3944.26,3235.69,2731.48,1.00073
mu[119],85.2873,0.0377014,2.35932,2.33593,81.4707,85.2672,89.2759,3944.26,3235.69,2731.48,1.00073
mu[120],85.2873,0.0377014,2.35932,2.33593,81.4707,85.2672,89.2759,3944.26,3235.69,2731.48,1.00073
mu[121],85.2873,0.0377014,2.35932,2.33593,81.4707,85.2672,89.2759,3944.26,3235.69,2731.48,1.00073
mu[122],85.2873,0.0377014,2.35932,2.33593,81.4707,85.2672,89.2759,3944.26,3235.69,2731.48,1.00073
mu[123],85.2873,0.0377014,2.35932,2.33593,81.4707,85.2672,89.2759,3944.26,3235.69,2731.48,1.00073
mu[124],85.2873,0.0377014,2.35932,2.33593,81.4707,85.2672,89.2759,3944.26,3235.69,2731.48,1.00073
mu[125],85.2873,0.0377014,2.35932,2.33593,81.4707,85.2672,89.2759,3944.26,3235.69,2731.48,1.00073
mu[126],85.2873,0.0377014,2.35932,2.33593,81.4707,85.2672,89.2759,3944.26,3235.69,2731.48,1.00073
mu[127],85.2873,0.0377014,2.35932,2.33593,81.4707,85.2672,89.2759,3944.26,3235.69,2731.48,1.00073
mu[128],78.4712,0.0563675,2.72976,2.73065,74.034,78.3965,83.1457,2313.8,2356.74,1602.35,1.00037
mu[129],78.4712,0.0563675,2.72976,2.73065,74.034,78.3965,83.1457,2313.8,2356.74,1602.35,1.00037
mu[130],78.4712,0.0563675,2.72976,2.73065,74.034,78.3965,83.1457,2313.8,2356.74,1602.35,1.00037
mu[131],85.2873,0.0377014,2.35932,2.33593,81.4707,85.2672,89.2759,3944.26,3235.69,2731.48,1.00073
mu[132],78.4712,0.0563675,2.72976,2.73065,74.034,78.3965,83.1457,2313.8,2356.74,1602.35,1.00037
mu[133],78.4712,0.0563675,2.72976,2.73065,74.034,78.3965,83.1457,2313.8,2356.74,1602.35,1.00037
mu[134],85.2873,0.0377014,2.35932,2.33593,81.4707,85.2672,89.2759,3944.26,3235.69,2731.48,1.00073
mu[135],78.4712,0.0563675,2.72976,2.73065,74.034,78.3965,83.1457,2313.8,2356.74,1602.35,1.00037
mu[136],85.2873,0.0377014,2.35932,2.33593,81.4707,85.2672,89.2759,3944.26,3235.69,2731.48,1.00073
mu[137],73.2759,0.0261919,1.93024,1.82938,70.1011,73.2948,76.4385,5529.69,3334.88,3829.43,1.00053
mu[138],80.4294,0.0295554,2.19394,2.11399,76.8026,80.3868,84.1096,5637.18,3738.1,3903.86,1.00035
mu[139],80.4294,0.0295554,2.19394,2.11399,76.8026,80.3868,84.1096,5637.18,3738.1,3903.86,1.00035
mu[140],80.4294,0.0295554,2.19394,2.11399,76.8026,80.3868,84.1096,5637.18,3738.1,3903.86,1.00035
mu[141],73.2759,0.0261919,1.93024,1.82938,70.1011,73.2948,76.4385,5529.69,3334.88,3829.43,1.00053
mu[142],73.2759,0.0261919,1.93024,1.82938,70.1011,73.2948,76.4385,5529.69,3334.88,3829.43,1.00053
mu[143],73.2759,0.0261919,1.93024,1.82938,70.1011,73.2948,76.4385,5529.69,3334.88,3829.43,1.00053
mu[144],73.2759,0.0261919,1.93024,1.82938,70.1011,73.2948,76.4385,5529.69,3334.88,3829.43,1.00053
mu[145],80.4294,0.0295554,2.19394,2.11399,76.8026,80.3868,84.1096,5637.18,3738.1,3903.86,1.00035
mu[146],80.4294,0.0295554,2.19394,2.11399,76.8026,80.3868,84.1096,5637.18,3738.1,3903.86,1.00035
mu[147],80.4294,0.0295554,2.19394,2.11399,76.8026,80.3868,84.1096,5637.18,3738.1,3903.86,1.00035
mu[148],73.2759,0.0261919,1.93024,1.82938,70.1011,73.2948,76.4385,5529.69,3334.88,3829.43,1.00053
mu[149],80.4294,0.0295554,2.19394,2.11399,76.8026,80.3868,84.1096,5637.18,3738.1,3903.86,1.00035
mu[150],80.4294,0.0295554,2.19394,2.11399,76.8026,80.3868,84.1096,5637.18,3738.1,3903.86,1.00035
mu[151],80.4294,0.0295554,2.19394,2.11399,76.8026,80.3868,84.1096,5637.18,3738.1,3903.86,1.00035
mu[152],80.4294,0.0295554,2.19394,2.11399,76.8026,80.3868,84.1096,5637.18,3738.1,3903.86,1.00035
mu[153],73.2759,0.0261919,1.93024,1.82938,70.1011,73.2948,76.4385,5529.69,3334.88,3829.43,1.00053
mu[154],73.2759,0.0261919,1.93024,1.82938,70.1011,73.2948,76.4385,5529.69,3334.88,3829.43,1.00053
mu[155],73.2759,0.0261919,1.93024,1.82938,70.1011,73.2948,76.4385,5529.69,3334.88,3829.43,1.00053
mu[156],80.4294,0.0295554,2.19394,2.11399,76.8026,80.3868,84.1096,5637.18,3738.1,3903.86,1.00035
mu[157],73.2759,0.0261919,1.93024,1.82938,70.1011,73.2948,76.4385,5529.69,3334.88,3829.43,1.00053
mu[158],73.2759,0.0261919,1.93024,1.82938,70.1011,73.2948,76.4385,5529.69,3334.88,3829.43,1.00053
mu[159],73.2759,0.0261919,1.93024,1.82938,70.1011,73.2948,76.4385,5529.69,3334.88,3829.43,1.00053
mu[160],73.2759,0.0261919,1.93024,1.82938,70.1011,73.2948,76.4385,5529.69,3334.88,3829.43,1.00053
log_lik[1],-3.38834,0.0021283,0.154696,0.143269,-3.67044,-3.36655,-3.17882,5506.78,3092.78,3813.56,1.00154
log_lik[2],-3.27854,0.0024844,0.139481,0.107456,-3.5425,-3.24762,-3.112,3245.36,3322.23,2247.48,0.999934
log_lik[3],-6.18217,0.0125319,0.822882,0.797704,-7.60387,-6.1431,-4.8923,4464.96,3487.76,3092.08,1.00126
log_lik[4],-3.29298,0.00178284,0.119811,0.104715,-3.51157,-3.27221,-3.13384,4792.99,3357.21,3319.24,1.00129
log_lik[5],-3.20373,0.00130843,0.0763366,0.0693339,-3.33805,-3.19572,-3.09641,3493.21,3372.93,2419.12,1.00001
log_lik[6],-3.32146,0.00185453,0.131664,0.119633,-3.56223,-3.30114,-3.14448,5261.69,3303.0,3643.83,1.00076
log_lik[7],-3.36874,0.00205141,0.148284,0.136546,-3.63917,-3.34743,-3.16757,5447.85,3219.42,3772.75,1.00128
log_lik[8],-3.4708,0.00403548,0.235338,0.217701,-3.90138,-3.43414,-3.16747,3413.94,3375.23,2364.22,1.00072
log_lik[9],-3.25031,0.00158606,0.101192,0.0865117,-3.43545,-3.23429,-3.11514,4216.04,3395.81,2919.7,1.00016
log_lik[10],-3.3951,0.00215427,0.156852,0.145572,-3.68168,-3.37316,-3.18207,5524.1,3161.42,3825.55,1.00162
log_lik[11],-4.1578,0.00799725,0.483184,0.414227,-5.0345,-4.07526,-3.5425,3645.77,3338.05,2524.77,1.00119
log_lik[12],-3.19824,0.00127478,0.0734516,0.0678987,-3.32293,-3.19431,-3.09246,3380.53,3423.94,2341.09,1.00146
log_lik[13],-3.3326,0.00190255,0.135748,0.123196,-3.58138,-3.31155,-3.1494,5350.2,3164.28,3705.13,1.00096
log_lik[14],-3.19015,0.00121411,0.0676823,0.0639214,-3.30288,-3.18652,-3.08747,3202.24,2901.67,2217.62,1.00019
log_lik[15],-3.21072,0.00137506,0.0812473,0.073943,-3.35234,-3.2029,-3.09704,3603.44,3483.86,2495.46,1.0012
log_lik[16],-3.20801,0.00130713,0.0828327,0.0700958,-3.35419,-3.19951,-3.09618,4105.8,3410.64,2843.35,1.00117
log_lik[17],-4.17621,0.00570234,0.335516,0.336585,-4.77479,-4.15165,-3.66703,3572.92,3747.1,2474.32,1.00035
log_lik[18],-3.20301,0.00148676,0.0798727,0.0722027,-3.34591,-3.19463,-3.09102,3109.51,2841.07,2153.4,1.00014
log_lik[19],-3.26,0.00170679,0.114156,0.090723,-3.47173,-3.23975,-3.11683,4649.83,3347.36,3220.1,1.00124
log_lik[20],-3.46905,0.00303447,0.184085,0.172885,-3.81851,-3.43827,-3.22326,3682.39,3720.33,2550.13,1.00038
log_lik[21],-3.43247,0.00282239,0.185647,0.163305,-3.77565,-3.39979,-3.19583,4449.32,3749.59,3081.25,1.00059
log_lik[22],-3.34112,0.00227765,0.151523,0.126434,-3.62381,-3.31214,-3.15179,4603.56,3854.74,3188.06,1.00086
log_lik[23],-3.31183,0.00245349,0.138659,0.125114,-3.57447,-3.28772,-3.12939,3315.69,3425.1,2296.18,1.00022
log_lik[24],-3.61691,0.00380544,0.236117,0.230342,-4.04749,-3.59215,-3.28101,4006.06,3584.12,2774.28,1.00019
log_lik[25],-4.93336,0.00715508,0.482793,0.473403,-5.78434,-4.90533,-4.18845,4586.6,3989.55,3176.32,1.00029
log_lik[26],-3.61104,0.00372084,0.240486,0.220857,-4.04714,-3.57469,-3.28985,4188.99,3787.97,2900.96,1.00032
log_lik[27],-3.26889,0.00220404,0.1136,0.100594,-3.48926,-3.25007,-3.11802,2898.98,3032.37,2007.61,1.00105
log_lik[28],-3.39492,0.0030144,0.16132,0.152441,-3.70178,-3.3699,-3.1703,3127.52,3029.16,2165.87,1.00091
log_lik[29],-3.7463,0.00441609,0.257538,0.249836,-4.2148,-3.71301,-3.3865,3382.81,3857.17,2342.66,1.00048
log_lik[30],-3.86291,0.00481219,0.276665,0.280295,-4.35721,-3.83876,-3.45396,3455.08,3779.27,2392.72,1.00073
log_lik[31],-3.42356,0.00276894,0.169778,0.156413,-3.74872,-3.39557,-3.201,3778.33,3832.73,2616.57,1.00038
log_lik[32],-3.19855,0.00116511,0.072187,0.0675035,-3.32314,-3.19271,-3.09484,3962.96,3535.37,2744.43,1.00125
log_lik[33],-4.12654,0.00534873,0.34685,0.335066,-4.73933,-4.09639,-3.60682,4262.77,3478.25,2952.05,1.00024
log_lik[34],-3.23275,0.00187535,0.0955544,0.0825225,-3.42015,-3.21876,-3.10317,2784.0,3051.3,1927.98,1.00185
log_lik[35],-3.53603,0.00340046,0.203669,0.195364,-3.92005,-3.50526,-3.26076,3570.44,3719.33,2472.6,1.00039
log_lik[36],-3.59878,0.00369423,0.235195,0.207877,-4.04613,-3.5578,-3.29264,4023.21,3685.49,2786.16,1.00121
log_lik[37],-3.20754,0.00132128,0.0832918,0.0719363,-3.35459,-3.19783,-3.09293,4087.98,3279.43,2831.01,1.00092
log_lik[38],-3.7845,0.00360039,0.237728,0.233993,-4.20074,-3.76913,-3.42813,4494.91,3663.5,3112.82,1.00014
log_lik[39],-3.42791,0.00273918,0.170772,0.168857,-3.7333,-3.41066,-3.18537,3937.02,3392.88,2726.47,1.00121
log_lik[40],-3.22863,0.00123507,0.086846,0.0742619,-3.38302,-3.21814,-3.10593,5211.96,3518.83,3609.39,1.00037
log_lik[41],-3.24911,0.00136279,0.0962634,0.0827673,-3.42624,-3.23559,-3.11673,5262.64,3471.06,3644.49,1.00038
log_lik[42],-4.31393,0.00554988,0.345535,0.33211,-4.93784,-4.27479,-3.8191,3987.98,3278.79,2761.76,1.00021
log_lik[43],-3.25535,0.00182512,0.100443,0.0929337,-3.4368,-3.24335,-3.11388,3179.6,3193.82,2201.94,1.00021
log_lik[44],-3.25032,0.00173348,0.110829,0.0902145,-3.45757,-3.22976,-3.11232,4102.43,3477.45,2841.02,1.00077
log_lik[45],-3.18874,0.00119523,0.0662703,0.0655525,-3.30124,-3.18586,-3.08691,3257.61,3146.92,2255.96,1.00005
log_lik[46],-3.21277,0.00129356,0.0798694,0.0743188,-3.3559,-3.20529,-3.09749,3971.26,3629.82,2750.18,1.0001
log_lik[47],-4.24503,0.00563838,0.35845,0.353406,-4.86472,-4.22828,-3.68649,4111.79,3617.42,2847.5,1.00067
log_lik[48],-3.26088,0.00143455,0.101334,0.0879579,-3.44842,-3.24673,-3.12338,5262.13,3587.18,3644.13,1.00036
log_lik[49],-3.23176,0.00125473,0.0883406,0.0755236,-3.38958,-3.22062,-3.10719,5225.39,3445.9,3618.69,1.00038
log_lik[50],-3.50634,0.00311521,0.194771,0.192714,-3.85376,-3.48792,-3.22262,3961.85,3485.48,2743.66,1.00124
log_lik[51],-3.1927,0.0010511,0.0679086,0.0645817,-3.30462,-3.18838,-3.09251,4436.32,3281.06,3072.24,1.00111
log_lik[52],-3.3055,0.00210407,0.119679,0.113982,-3.51789,-3.29082,-3.13484,3334.23,3279.54,2309.03,1.0003
log_lik[53],-5.31072,0.0065529,0.470926,0.45625,-6.12141,-5.28119,-4.58567,5260.43,3539.91,3642.96,0.999876
log_lik[54],-3.21626,0.00152737,0.0823397,0.0761386,-3.36431,-3.20962,-3.09811,3070.58,3390.28,2126.44,1.00005
log_lik[55],-3.25032,0.00173348,0.110829,0.0902145,-3.45757,-3.22976,-3.11232,4102.43,3477.45,2841.02,1.00077
log_lik[56],-3.19402,0.00112523,0.0695136,0.0662665,-3.31666,-3.18905,-3.09178,4019.33,3318.44,2783.47,0.999824
log_lik[57],-5.15738,0.00789963,0.508822,0.510551,-6.02676,-5.13581,-4.36587,4199.66,3518.92,2908.35,1.00059
log_lik[58],-3.1941,0.00114066,0.0707624,0.0657867,-3.31688,-3.18906,-3.09,4052.83,3454.93,2806.67,1.00007
log_lik[59],-3.20137,0.00124671,0.0782028,0.069109,-3.33474,-3.19367,-3.09105,4084.89,3430.81,2828.87,1.00084
log_lik[60],-6.77211,0.00880332,0.654495,0.640752,-7.92147,-6.73517,-5.7528,5609.6,3464.36,3884.76,0.999817
log_lik[61],-3.30939,0.002163,0.137652,0.123095,-3.56292,-3.2841,-3.13937,4228.79,3345.37,2928.52,0.999952
log_lik[62],-3.19579,0.00126703,0.0722764,0.0665711,-3.31656,-3.19184,-3.08924,3481.46,3468.06,2410.98,1.00012
log_lik[63],-3.26865,0.00215973,0.120042,0.106207,-3.49532,-3.2457,-3.11333,3224.47,3580.89,2233.02,1.00053
log_lik[64],-3.19585,0.00134505,0.0720378,0.0673234,-3.31754,-3.19166,-3.08919,3037.5,3384.52,2103.53,1.00043
log_lik[65],-3.77115,0.00473978,0.279349,0.275883,-4.28346,-3.73351,-3.38782,3318.03,2848.57,2297.81,0.999484
log_lik[66],-3.40628,0.00322917,0.171564,0.168188,-3.71881,-3.38034,-3.17502,3008.84,2852.81,2083.68,0.999837
log_lik[67],-3.57296,0.00391622,0.248053,0.218021,-4.05602,-3.52816,-3.26181,4006.67,3728.43,2774.71,0.999986
log_lik[68],-3.77304,0.00482749,0.272486,0.276454,-4.25311,-3.74944,-3.37783,3337.6,2859.41,2311.36,0.999611
log_lik[69],-3.45549,0.00326234,0.208805,0.179131,-3.8638,-3.41539,-3.19911,4158.69,3691.79,2879.98,1.0
log_lik[70],-5.02809,0.00801784,0.525768,0.524877,-5.9141,-5.00579,-4.19672,4364.2,3496.45,3022.3,0.999936
log_lik[71],-3.22766,0.00146074,0.0953323,0.0811572,-3.39674,-3.21551,-3.10216,4639.74,3447.0,3213.12,1.00074
log_lik[72],-3.2031,0.0013155,0.079357,0.0689286,-3.33877,-3.19622,-3.09032,3932.53,3325.26,2723.36,1.00201
log_lik[73],-4.22706,0.00625631,0.366007,0.379671,-4.86515,-4.19836,-3.68759,3551.32,2820.1,2459.37,0.999818
log_lik[74],-3.7454,0.00474993,0.297715,0.26825,-4.31713,-3.6965,-3.35678,3880.57,3657.78,2687.37,0.999963
log_lik[75],-3.32937,0.00262552,0.149698,0.139377,-3.61004,-3.30211,-3.13218,3396.52,3587.57,2352.16,1.00043
log_lik[76],-4.57267,0.00698298,0.450021,0.447637,-5.34255,-4.5515,-3.86702,4226.28,3568.09,2926.79,0.999939
log_lik[77],-3.84165,0.00504606,0.295939,0.293165,-4.38319,-3.80268,-3.43576,3277.6,2839.84,2269.81,0.999486
log_lik[78],-3.30375,0.0024424,0.137922,0.125168,-3.56086,-3.27747,-3.12477,3329.22,3488.19,2305.55,1.00049
log_lik[79],-4.40784,0.00593308,0.370082,0.378221,-5.03299,-4.38739,-3.83305,4010.44,3458.81,2777.31,1.00062
log_lik[80],-3.20662,0.00119753,0.0759092,0.0691925,-3.33975,-3.20034,-3.09363,4159.99,3385.28,2880.88,1.00041
log_lik[81],-4.37991,0.0052543,0.358358,0.350182,-5.02719,-4.34772,-3.85816,4726.39,3557.1,3273.12,0.999768
log_lik[82],-3.24241,0.00142501,0.0935154,0.0830638,-3.41502,-3.23034,-3.11097,4469.98,3385.64,3095.55,1.00013
log_lik[83],-3.63248,0.00372565,0.233067,0.216837,-4.06601,-3.59716,-3.32865,3719.04,3603.83,2575.52,1.00098
log_lik[84],-3.87154,0.00458893,0.27411,0.28027,-4.33463,-3.85287,-3.45611,3711.07,3651.55,2569.99,1.00092
log_lik[85],-3.32352,0.00187997,0.12602,0.116037,-3.55355,-3.30442,-3.15077,4598.86,3569.42,3184.8,0.999809
log_lik[86],-3.19075,0.00118972,0.0693818,0.0648478,-3.31226,-3.18567,-3.08685,3512.43,3068.28,2432.43,1.00052
log_lik[87],-3.25339,0.00149179,0.0984255,0.0872992,-3.43361,-3.24022,-3.11709,4510.77,3416.34,3123.8,1.00007
log_lik[88],-4.32626,0.00519587,0.34912,0.345047,-4.92479,-4.30086,-3.78674,4519.33,3722.52,3129.73,0.99982
log_lik[89],-3.48297,0.00277119,0.18128,0.172218,-3.83512,-3.45707,-3.23818,4440.19,3795.74,3074.93,0.999847
log_lik[90],-3.78749,0.00433824,0.256834,0.261022,-4.22306,-3.76691,-3.39698,3661.94,3550.11,2535.97,1.0012
log_lik[91],-3.96113,0.00484055,0.291658,0.298954,-4.45532,-3.94208,-3.51511,3767.6,3531.98,2609.14,1.00079
log_lik[92],-4.13176,0.00467262,0.316523,0.3072,-4.70657,-4.10038,-3.67297,4686.06,3394.55,3245.19,0.999884
log_lik[93],-3.3606,0.00225999,0.145299,0.132498,-3.63873,-3.33738,-3.16955,4282.22,3833.85,2965.53,0.999847
log_lik[94],-3.19366,0.0010533,0.0695699,0.0659804,-3.31476,-3.18953,-3.09182,4699.57,3414.4,3254.55,1.00157
log_lik[95],-3.1914,0.00109255,0.0676597,0.0653704,-3.31058,-3.1876,-3.09015,4058.66,3241.07,2810.71,1.00163
log_lik[96],-3.25727,0.001515,0.100116,0.0891361,-3.4407,-3.24341,-3.11928,4519.66,3577.1,3129.96,1.00005
log_lik[97],-3.22868,0.00167749,0.0905287,0.0820126,-3.39925,-3.21768,-3.10212,3045.9,3210.04,2109.35,1.00181
log_lik[98],-3.983,0.0051844,0.3136,0.292788,-4.56525,-3.93993,-3.55564,3448.66,3290.48,2388.27,1.00106
log_lik[99],-3.49952,0.00283332,0.185662,0.176537,-3.85992,-3.47403,-3.24793,4452.2,3834.35,3083.24,0.999809
log_lik[100],-6.02177,0.00904079,0.603071,0.594326,-7.05322,-5.98537,-5.07743,4493.25,3645.88,3111.67,1.00033
log_lik[101],-3.44973,0.00252041,0.183322,0.163053,-3.80317,-3.41719,-3.20929,5368.61,3610.57,3717.88,1.001
log_lik[102],-3.62215,0.00347915,0.24374,0.238873,-4.06331,-3.59531,-3.28008,5089.76,3654.46,3524.77,1.00063
log_lik[103],-4.14062,0.00467471,0.332475,0.324142,-4.71786,-4.12098,-3.62679,5261.2,3801.98,3643.49,1.00159
log_lik[104],-3.63519,0.00339655,0.226708,0.220602,-4.03696,-3.61461,-3.29823,4817.85,3878.19,3336.46,1.00212
log_lik[105],-3.21653,0.00147765,0.0894057,0.077208,-3.37882,-3.20416,-3.09647,3724.95,3194.17,2579.61,1.00119
log_lik[106],-3.23501,0.00166997,0.0943838,0.0856853,-3.4051,-3.22204,-3.1034,3333.96,3409.56,2308.83,1.00185
log_lik[107],-3.20355,0.00135983,0.079269,0.0694474,-3.342,-3.19524,-3.09453,3473.55,3187.47,2405.5,1.00143
log_lik[108],-4.07165,0.00508428,0.358001,0.344694,-4.71839,-4.02552,-3.56776,5091.03,3765.3,3525.65,1.00088
log_lik[109],-3.24726,0.00177525,0.106786,0.0922735,-3.44856,-3.23078,-3.10527,4393.07,3786.11,3042.29,1.00026
log_lik[110],-3.98635,0.00432414,0.303073,0.296192,-4.51184,-3.97013,-3.52349,5153.76,3839.74,3569.08,1.0017
log_lik[111],-3.45742,0.00255534,0.185702,0.165302,-3.8133,-3.42456,-3.21355,5349.88,3609.46,3704.91,1.00096
log_lik[112],-3.32595,0.00221602,0.145572,0.13452,-3.5965,-3.30163,-3.13877,4899.58,3878.75,3393.06,1.0003
log_lik[113],-3.33633,0.00196354,0.144315,0.122094,-3.61864,-3.30935,-3.15485,5722.71,3476.68,3963.1,1.00064
log_lik[114],-3.36446,0.00244386,0.165561,0.143552,-3.68224,-3.33195,-3.1586,5112.87,3870.88,3540.77,1.00043
log_lik[115],-4.44709,0.00591829,0.420199,0.413508,-5.1808,-4.4201,-3.80532,5125.06,3946.38,3549.21,1.00012
log_lik[116],-3.60929,0.00353697,0.246468,0.230271,-4.066,-3.56896,-3.27985,5142.24,3840.57,3561.11,1.00047
log_lik[117],-3.35397,0.0020561,0.150975,0.129689,-3.64859,-3.32574,-3.16249,5660.23,3541.71,3919.83,1.00072
log_lik[118],-3.2721,0.00162197,0.115404,0.095779,-3.49545,-3.25222,-3.12272,5446.02,3598.17,3771.48,1.00123
log_lik[119],-3.22711,0.00129483,0.0914579,0.0752951,-3.39934,-3.21516,-3.10204,5439.28,3722.03,3766.81,1.00136
log_lik[120],-4.17797,0.00562629,0.350779,0.343122,-4.79058,-4.1493,-3.64287,4261.75,3606.41,2951.35,1.00059
log_lik[121],-3.24482,0.0020418,0.106045,0.0926443,-3.44181,-3.22578,-3.10764,2959.82,3191.1,2049.74,1.00127
log_lik[122],-3.59418,0.00338913,0.227872,0.216496,-4.03039,-3.56093,-3.2863,4244.41,3643.03,2939.34,1.001
log_lik[123],-3.32509,0.0019672,0.13909,0.120967,-3.59769,-3.30101,-3.14845,5078.22,3594.51,3516.77,1.00163
log_lik[124],-3.66147,0.00415193,0.24406,0.240417,-4.09684,-3.63492,-3.30784,3819.12,3464.89,2644.82,1.00083
log_lik[125],-3.33619,0.00203459,0.143629,0.125108,-3.61772,-3.31167,-3.15454,4972.45,3559.58,3443.52,1.00146
log_lik[126],-3.30826,0.00254055,0.136234,0.125045,-3.56237,-3.28555,-3.13137,3076.66,3394.84,2130.65,1.00146
log_lik[127],-3.23829,0.00197783,0.102396,0.0892304,-3.42657,-3.22079,-3.10494,2941.87,3217.87,2037.3,1.00106
log_lik[128],-3.2377,0.00165809,0.110586,0.0837041,-3.4418,-3.21777,-3.1019,4828.89,3809.56,3344.1,1.00046
log_lik[129],-6.90915,0.0141745,0.825022,0.823409,-8.31331,-6.88861,-5.62636,3488.36,3136.26,2415.76,1.00036
log_lik[130],-3.82781,0.00667156,0.318132,0.321224,-4.40352,-3.79997,-3.35923,2441.35,2593.55,1690.68,1.00025
log_lik[131],-5.00795,0.00827637,0.512136,0.510455,-5.93977,-4.96701,-4.25177,3535.11,3028.15,2448.13,1.00095
log_lik[132],-3.40823,0.00434821,0.190817,0.186013,-3.77354,-3.37848,-3.15557,2021.81,2356.42,1400.14,1.0005
log_lik[133],-3.24047,0.00169164,0.112673,0.0845908,-3.44962,-3.2193,-3.10288,4811.28,3808.06,3331.91,1.00029
log_lik[134],-3.86482,0.00479527,0.289798,0.285676,-4.37641,-3.83871,-3.43478,4033.04,3456.3,2792.96,1.0007
log_lik[135],-3.28685,0.00223772,0.143044,0.1077,-3.56353,-3.25447,-3.12178,4201.07,3825.51,2909.33,1.00037
log_lik[136],-3.20228,0.00151583,0.0787381,0.0727212,-3.33907,-3.1951,-3.09192,2952.28,3086.87,2044.51,1.0008
log_lik[137],-3.48863,0.00227695,0.164477,0.150853,-3.78534,-3.46801,-3.2613,5461.09,3249.3,3781.92,0.999938
log_lik[138],-3.59588,0.00292434,0.213061,0.196599,-3.98663,-3.57425,-3.29277,5573.28,3961.44,3859.61,1.00004
log_lik[139],-3.60163,0.00296506,0.217019,0.200935,-4.00568,-3.57274,-3.29855,5687.9,3846.36,3938.99,1.00019
log_lik[140],-3.19026,0.00115159,0.0687501,0.0652744,-3.30653,-3.18595,-3.08674,3682.95,2801.78,2550.52,1.00123
log_lik[141],-8.12521,0.0110828,0.790257,0.765903,-9.49844,-8.07248,-6.91158,5049.16,3445.91,3496.65,0.999759
log_lik[142],-3.49054,0.00231294,0.165289,0.157105,-3.78794,-3.47409,-3.25196,5405.98,3388.46,3743.76,1.00009
log_lik[143],-3.18478,0.00105798,0.063898,0.0616404,-3.29029,-3.18296,-3.08652,3778.96,3165.46,2617.01,1.00061
log_lik[144],-3.70105,0.00289762,0.209812,0.196883,-4.07126,-3.68305,-3.39155,5430.04,3338.9,3760.42,1.00044
log_lik[145],-4.83779,0.00584618,0.442957,0.433282,-5.62192,-4.80679,-4.16329,5496.16,3688.96,3806.2,1.00059
log_lik[146],-4.24063,0.00476463,0.347964,0.324845,-4.86148,-4.20688,-3.72981,5502.49,4001.82,3810.59,1.00091
log_lik[147],-3.26889,0.00161204,0.112251,0.0968268,-3.47824,-3.25087,-3.12543,5161.9,3550.09,3574.72,1.00137
log_lik[148],-3.28097,0.0015112,0.104146,0.0922692,-3.47153,-3.26789,-3.13968,5032.69,3496.01,3485.24,1.00019
log_lik[149],-4.49144,0.00514964,0.38763,0.3789,-5.17891,-4.4609,-3.90586,5899.03,3768.85,4085.2,1.00052
log_lik[150],-4.24063,0.00476463,0.347964,0.324845,-4.86148,-4.20688,-3.72981,5502.49,4001.82,3810.59,1.00091
log_lik[151],-4.05543,0.00419027,0.310943,0.298819,-4.61516,-4.02825,-3.59366,5753.22,3920.38,3984.23,0.999902
log_lik[152],-3.19359,0.00117796,0.0707842,0.0663765,-3.31128,-3.18847,-3.08604,3723.87,3412.28,2578.86,1.00064
log_lik[153],-3.45814,0.00221606,0.157554,0.147514,-3.74548,-3.44281,-3.23296,5371.6,3335.53,3719.95,1.00008
log_lik[154],-3.50545,0.00233117,0.168616,0.15457,-3.8094,-3.4843,-3.2727,5467.78,3219.66,3786.55,0.999996
log_lik[155],-3.3165,0.00165943,0.116206,0.103288,-3.52683,-3.3021,-3.15899,5211.45,3524.91,3609.04,1.00015
log_lik[156],-3.35086,0.00198978,0.144412,0.129212,-3.62315,-3.32776,-3.16311,5387.54,3664.01,3730.98,1.00122
log_lik[157],-3.25492,0.00139569,0.0945277,0.0834809,-3.42693,-3.24353,-3.12513,4824.72,3654.35,3341.22,1.00022
log_lik[158],-3.18936,0.00110571,0.0674052,0.0649637,-3.30394,-3.18638,-3.08737,3878.58,3269.19,2686.0,1.00097
log_lik[159],-3.27635,0.00149116,0.102493,0.0904744,-3.46259,-3.26337,-3.13663,5008.72,3597.02,3468.64,1.00014
log_lik[160],-3.69856,0.00288081,0.211895,0.192958,-4.07859,-3.67376,-3.39643,5482.16,3435.65,3796.51,1.00023
y_rep[1],73.6684,0.156405,9.78582,10.0674,57.874,73.4497,89.5628,3918.57,3892.93,2713.69,0.999995
y_rep[2],81.4786,0.15472,9.82508,9.72039,66.0672,81.3738,98.1986,4119.29,3741.57,2852.69,0.999643
y_rep[3],81.6794,0.166249,10.0257,10.1754,65.3492,81.6118,98.1412,3675.4,3829.75,2545.29,0.999942
y_rep[4],73.5696,0.15183,9.6456,9.68005,57.5557,73.4887,89.435,4057.0,3847.18,2809.55,0.999832
y_rep[5],73.4544,0.152164,9.87465,9.74676,57.0872,73.5685,89.3889,4226.76,4015.54,2927.12,1.00008
y_rep[6],73.4374,0.156427,9.88678,10.1829,57.0491,73.441,89.4759,4011.6,3977.29,2778.11,0.999765
y_rep[7],73.8526,0.151633,9.67651,9.58144,57.9072,73.7414,89.79,4094.0,3927.93,2835.18,1.00009
y_rep[8],81.7185,0.157532,10.1668,9.78627,65.5278,81.6043,98.7602,4171.58,3879.67,2888.91,1.00019
y_rep[9],73.5796,0.151593,9.77022,9.46001,57.6821,73.7062,89.8509,4163.94,3917.3,2883.62,1.00016
y_rep[10],73.4643,0.153228,9.7258,9.53981,57.9981,73.3485,89.3605,4061.4,3915.92,2812.6,1.00108
y_rep[11],81.5693,0.154554,9.98983,10.1239,65.2181,81.3905,97.7973,4179.22,3898.02,2894.2,0.999597
y_rep[12],73.4768,0.154037,9.65647,9.47259,57.8218,73.3574,89.4189,4013.27,3906.49,2779.27,0.99984
y_rep[13],73.4507,0.150426,9.639,9.78225,57.7591,73.2602,89.3215,4132.28,3798.66,2861.69,1.00094
y_rep[14],73.6643,0.149443,9.62503,9.54576,58.3313,73.4471,89.6514,4179.63,3851.56,2894.48,0.999607
y_rep[15],73.7236,0.148551,9.7777,9.77878,57.6048,73.4985,89.6099,4342.15,4058.17,3007.03,1.0002
y_rep[16],76.3763,0.15777,9.74217,9.7211,60.476,76.5622,92.3318,3851.02,3845.95,2666.91,0.99989
y_rep[17],70.5064,0.159398,9.72028,9.68439,54.3177,70.7874,86.332,3765.14,3658.09,2607.44,1.00015
y_rep[18],76.3839,0.156284,9.78265,9.9875,60.6675,76.4874,92.0705,3960.01,3336.25,2742.39,1.00084
y_rep[19],76.5511,0.163819,10.0083,9.8963,60.5797,76.5001,93.0755,3756.14,3814.33,2601.2,0.999907
y_rep[20],70.6668,0.156838,9.72774,9.8131,54.7456,70.6161,86.7217,3839.88,3766.42,2659.19,1.00042
y_rep[21],76.0453,0.160949,9.62854,9.34195,59.9533,76.023,92.08,3594.58,3997.61,2489.32,1.0008
y_rep[22],76.5243,0.150541,9.8506,9.55795,60.3082,76.5162,93.1422,4289.0,4046.01,2970.22,0.999908
y_rep[23],76.2836,0.147119,9.72329,9.62875,60.372,76.2955,92.4029,4375.11,4009.61,3029.86,1.00043
y_rep[24],76.3329,0.151148,9.73204,9.74,60.4142,76.2281,92.2939,4143.26,3990.01,2869.3,1.00053
y_rep[25],76.2591,0.16394,9.88145,9.83603,59.8136,76.4546,92.3983,3670.89,4012.87,2542.17,1.00014
y_rep[26],76.4177,0.164632,9.99086,9.93009,59.999,76.4171,92.9943,3757.95,3972.24,2602.46,1.00013
y_rep[27],70.8016,0.162628,9.7458,9.73411,54.528,70.8536,86.6814,3607.99,3582.55,2498.61,1.00101
y_rep[28],70.8714,0.154748,9.80497,9.87468,54.7778,70.836,86.8063,4029.23,3930.69,2790.33,1.0002
y_rep[29],70.7745,0.154398,9.72674,9.44064,54.7122,70.7121,87.0012,4034.64,4013.09,2794.07,0.999341
y_rep[30],70.8238,0.167412,9.8055,9.95252,55.1816,70.6974,86.7512,3479.01,3409.14,2409.29,1.00177
y_rep[31],70.8445,0.155623,9.60174,9.52505,54.7709,71.0877,86.5122,3838.37,3548.69,2658.15,0.999697
y_rep[32],70.6004,0.16288,9.80316,9.71109,54.0544,70.6162,86.5534,3632.9,3801.18,2515.86,1.00015
y_rep[33],76.4325,0.151463,9.56701,9.55446,60.5681,76.4156,92.2175,4030.22,3640.91,2791.01,1.00003
y_rep[34],70.7232,0.154813,9.76228,9.49701,54.5866,70.7847,86.7039,3972.26,3981.42,2750.88,1.00017
y_rep[35],70.8961,0.164296,9.87388,9.82795,54.6929,70.9458,86.9803,3584.5,3639.16,2482.34,1.00041
y_rep[36],80.0742,0.156888,9.70786,9.5728,64.0346,80.2534,95.7048,3839.2,4100.23,2658.72,0.999916
y_rep[37],79.8099,0.173794,9.93302,9.96832,63.4529,79.8696,96.2052,3362.83,3859.3,2328.83,1.00213
y_rep[38],74.5168,0.150316,9.58678,9.52311,59.064,74.354,90.3102,4092.51,3910.24,2834.15,1.00014
y_rep[39],79.4511,0.159576,9.93628,9.69795,63.2211,79.3658,96.0857,3883.72,4100.71,2689.56,1.00006
y_rep[40],74.7762,0.151877,9.60295,10.0715,59.1274,74.7421,90.3704,3997.69,4082.8,2768.49,1.00039
y_rep[41],74.6304,0.160037,9.73095,9.52806,58.9566,74.5923,90.8608,3716.58,3875.33,2573.81,1.00097
y_rep[42],74.6914,0.152338,9.68522,9.71138,58.9978,74.9078,90.6288,4069.3,3953.87,2818.08,1.00025
y_rep[43],74.6892,0.148952,9.63412,9.57026,59.0003,74.5894,90.7777,4189.52,3949.48,2901.33,0.999953
y_rep[44],79.9052,0.152035,9.70061,9.63777,63.836,80.1574,95.7638,4096.0,3883.9,2836.57,0.999701
y_rep[45],74.8199,0.154999,9.55225,9.7367,59.3588,74.9752,90.3227,3825.4,3650.55,2649.17,0.999718
y_rep[46],79.5855,0.155105,9.84436,9.4953,63.3047,79.7034,95.7863,4061.89,3824.08,2812.94,1.00058
y_rep[47],79.6996,0.158736,9.80582,10.037,63.5274,79.7419,95.7239,3820.4,3888.89,2645.7,1.00018
y_rep[48],74.5623,0.157973,9.70539,9.78968,58.4464,74.563,90.1103,3783.55,3927.39,2620.19,1.0012
y_rep[49],74.8409,0.152306,9.63037,9.77957,59.2328,74.6694,90.5185,3997.21,3891.94,2768.15,0.999668
y_rep[50],79.563,0.156568,9.64281,9.75202,63.689,79.5055,95.6965,3799.4,4147.24,2631.16,1.00004
y_rep[51],74.7515,0.159188,9.93659,10.207,58.4557,74.8105,91.5035,3910.36,3642.22,2708.01,1.00002
y_rep[52],74.2641,0.149211,9.61762,9.39233,58.3829,74.4435,90.0239,4162.71,3677.2,2882.77,1.00027
y_rep[53],74.86,0.159231,9.69589,9.6061,58.9878,74.8072,91.2716,3724.55,3824.24,2579.33,0.999936
y_rep[54],74.4784,0.158441,9.55783,9.27498,58.5087,74.6239,90.0641,3669.73,3740.35,2541.36,0.999656
y_rep[55],79.6099,0.153532,9.63572,9.67413,63.4248,79.5941,95.0819,3936.72,3721.17,2726.26,0.999898
y_rep[56],79.4542,0.155827,9.61342,9.45817,63.3877,79.283,95.2184,3819.67,3849.46,2645.2,1.00026
y_rep[57],79.5295,0.158897,9.84933,9.82652,63.6574,79.5018,95.7955,3899.08,3802.3,2700.2,0.999833
y_rep[58],79.9919,0.151007,9.79788,9.70215,63.741,79.9898,95.9249,4234.05,3718.22,2932.17,1.00006
y_rep[59],79.7931,0.15411,9.65559,9.73571,64.1199,79.6584,95.5725,3940.35,3955.64,2728.78,1.00077
y_rep[60],74.713,0.157217,9.79162,9.99409,58.5667,74.6562,90.5154,3921.86,3939.24,2715.97,0.999744
y_rep[61],76.6314,0.151997,9.7376,9.80433,60.66,76.6185,92.9155,4090.76,3697.65,2832.93,0.999848
y_rep[62],76.8056,0.151007,9.78605,9.78341,60.8191,76.773,93.0895,4215.31,3668.44,2919.19,1.00001
y_rep[63],84.6533,0.151558,9.80306,9.84449,68.7286,84.5449,100.667,4217.04,4076.16,2920.39,1.00075
y_rep[64],76.6896,0.156268,10.0245,9.89524,59.8581,76.6667,93.1757,4129.21,3828.34,2859.56,1.00083
y_rep[65],76.613,0.163123,9.70848,9.67742,60.7118,76.716,92.4466,3578.44,3407.41,2478.15,1.00131
y_rep[66],76.8577,0.159798,9.87185,9.88515,60.568,76.6513,93.3731,3929.87,4058.39,2721.52,1.00084
y_rep[67],84.4793,0.154806,9.86044,10.0138,68.2434,84.5706,100.265,4060.12,3998.05,2811.71,1.00018
y_rep[68],76.8073,0.163345,9.68793,9.6248,60.8886,76.7585,92.3674,3530.76,3925.9,2445.13,1.00047
y_rep[69],84.4188,0.15816,9.79491,9.77134,68.3278,84.3279,100.808,3869.85,3877.55,2679.95,1.0002
y_rep[70],84.8161,0.161032,10.0247,9.92709,68.3932,84.9866,101.227,3901.8,3969.62,2702.08,1.00029
y_rep[71],76.6713,0.152119,9.79453,9.55478,60.6429,76.7705,93.0631,4156.56,4059.11,2878.51,0.999818
y_rep[72],84.3895,0.161575,9.81729,9.71137,67.9082,84.4428,100.148,3701.08,3550.16,2563.07,0.999521
y_rep[73],76.7979,0.156796,9.81396,9.84438,60.7639,76.745,92.9715,3931.18,3510.67,2722.43,0.999573
y_rep[74],84.8305,0.154842,9.70352,9.99078,69.1223,84.799,100.742,3935.34,3795.2,2725.3,0.999744
y_rep[75],84.8263,0.155429,9.90468,9.88441,68.0639,84.7919,100.989,4077.34,3582.8,2823.64,1.00027
y_rep[76],84.67,0.157312,9.90797,9.74086,68.2561,84.8384,100.753,3974.09,3876.51,2752.14,1.00005
y_rep[77],76.9002,0.158889,9.72357,9.53046,61.2447,76.8612,92.8172,3743.9,3971.79,2592.73,1.00031
y_rep[78],84.6757,0.164675,9.94592,9.78341,68.3684,84.7596,100.998,3707.65,3701.89,2567.63,1.00001
y_rep[79],70.9371,0.159386,9.7743,9.74975,54.8661,71.0968,86.5634,3776.21,4095.17,2615.1,1.00007
y_rep[80],77.927,0.152873,9.63612,9.80933,62.2087,78.0883,93.566,3965.21,3780.24,2745.99,1.00066
y_rep[81],77.7668,0.159135,9.6039,9.62936,61.7163,77.6658,93.8328,3686.74,3985.76,2553.14,0.999993
y_rep[82],78.0943,0.157279,9.62391,9.4872,62.1016,78.1603,94.0618,3790.58,3511.94,2625.06,0.999646
y_rep[83],71.0577,0.164928,9.89755,9.78098,54.6683,70.9118,87.2596,3664.82,3850.66,2537.97,0.999866
y_rep[84],70.678,0.148125,9.63627,9.7164,55.0321,70.7712,86.5183,4235.23,4236.27,2932.99,1.00001
y_rep[85],78.0139,0.149827,9.7151,9.5438,61.8336,78.1741,93.8166,4199.74,4057.11,2908.4,0.999859
y_rep[86],77.859,0.15951,9.87208,9.82141,61.9198,78.0031,94.6322,3837.43,3811.51,2657.5,1.00033
y_rep[87],78.1142,0.156796,9.85558,10.0356,62.0748,78.2234,94.4825,3945.58,3893.33,2732.4,1.00048
y_rep[88],78.1441,0.15392,9.7126,9.68322,62.1422,78.2105,94.1197,4002.36,3971.38,2771.72,1.00029
y_rep[89],77.9303,0.151316,9.50873,9.40982,62.513,77.7753,94.0273,3957.04,3722.62,2740.33,0.999983
y_rep[90],70.827,0.153996,9.75784,10.0253,54.9261,70.8593,86.7421,4048.92,3930.62,2803.96,1.00021
y_rep[91],71.0567,0.166073,9.73814,9.79933,55.0578,71.2162,87.0004,3503.93,3890.78,2426.55,1.00029
y_rep[92],77.8605,0.154907,9.84024,9.68854,61.8138,77.7732,94.1223,4047.9,3910.77,2803.26,0.999713
y_rep[93],77.7786,0.152022,9.85385,9.85948,61.3567,77.8375,93.9599,4202.09,3930.96,2910.04,0.999678
y_rep[94],70.9507,0.163603,9.72948,9.58437,54.6883,70.9515,86.7389,3552.25,3793.35,2460.0,1.00019
y_rep[95],70.8528,0.146335,9.62257,9.54518,55.1729,70.797,86.695,4336.57,3739.29,3003.17,1.00016
y_rep[96],78.003,0.150793,9.6107,9.58095,62.2949,77.8118,93.5229,4074.69,4008.6,2821.81,1.00065
y_rep[97],70.662,0.157582,9.83831,10.1763,54.6552,70.6719,86.9356,3900.88,3483.63,2701.44,1.00027
y_rep[98],70.9382,0.153942,9.69175,9.88817,55.2993,70.8707,87.0696,3993.67,3696.18,2765.7,1.00192
y_rep[99],78.0304,0.160915,9.72034,9.78815,61.9039,78.031,93.7507,3680.61,3812.94,2548.9,1.00014
y_rep[100],78.113,0.151751,9.61199,9.39018,62.2839,78.17,93.8387,4015.96,4059.06,2781.13,1.00172
y_rep[101],71.8666,0.147602,9.33401,9.25053,56.5124,72.1422,86.8175,4006.14,4056.14,2774.33,0.999952
y_rep[102],78.4378,0.155544,9.76425,9.91441,62.4046,78.5088,93.9957,3959.69,3953.29,2742.17,1.00051
y_rep[103],71.815,0.16134,9.6807,9.68612,55.9056,71.7355,87.9167,3622.65,3523.92,2508.76,1.00116
y_rep[104],71.7737,0.157931,9.82595,9.89627,55.7056,71.7927,87.8928,3909.55,3355.63,2707.44,1.00117
y_rep[105],78.5353,0.155925,9.6385,9.46814,62.7105,78.429,94.3735,3838.89,3889.78,2658.51,0.999762
y_rep[106],72.1262,0.155774,9.92837,9.95336,55.9487,72.0729,88.4581,4064.09,3972.63,2814.47,1.0
y_rep[107],78.2335,0.153447,9.71086,9.53606,62.0623,78.2815,94.3373,4011.53,3756.5,2778.07,0.999453
y_rep[108],78.3791,0.15214,9.65414,9.67385,62.6966,78.3994,94.1709,4081.72,3889.41,2826.67,1.00063
y_rep[109],78.279,0.153443,9.76541,9.78585,62.2089,78.2088,94.6969,4047.3,3969.0,2802.84,0.999985
y_rep[110],71.9528,0.15284,9.71382,9.73701,55.9895,71.9382,87.5767,4044.14,3915.25,2800.65,1.00175
y_rep[111],71.6022,0.15144,9.71975,9.60671,55.7575,71.5958,87.8055,4135.45,4002.27,2863.89,1.00015
y_rep[112],78.3514,0.156595,9.92973,9.92302,61.923,78.5639,94.4952,4027.57,3774.1,2789.18,1.00054
y_rep[113],71.5728,0.150171,9.71263,9.73943,55.2299,71.3749,87.2965,4187.95,3915.61,2900.24,1.00048
y_rep[114],78.474,0.152802,9.8934,9.84123,62.3469,78.4768,94.7899,4202.27,4056.45,2910.16,1.00145
y_rep[115],78.2899,0.157461,9.88852,9.7703,61.9458,78.137,94.6858,3949.89,3819.18,2735.38,1.00034
y_rep[116],78.6096,0.15177,9.82664,9.95616,62.4458,78.6079,94.4786,4204.39,3932.74,2911.63,0.999886
y_rep[117],71.6539,0.15019,9.53795,9.39347,55.9009,71.6056,87.3966,4049.01,3504.89,2804.03,1.00011
y_rep[118],85.31,0.155249,9.69304,9.67699,69.4934,85.2767,101.374,3905.89,3738.64,2704.91,0.99993
y_rep[119],85.3319,0.151701,9.64389,9.75708,69.4502,85.2495,101.336,4051.4,3617.02,2805.68,1.00012
y_rep[120],85.3739,0.150189,9.83047,9.89006,68.903,85.2654,101.798,4291.76,3792.46,2972.13,1.00023
y_rep[121],85.2203,0.154195,9.82843,9.5801,68.8065,85.1449,101.823,4080.09,3444.67,2825.55,0.999939
y_rep[122],85.1738,0.15075,9.54225,9.55196,69.3608,85.3373,100.61,4010.13,4012.53,2777.1,1.00142
y_rep[123],85.2122,0.150926,9.67286,9.70737,69.436,85.1392,101.244,4125.75,4140.68,2857.17,0.999698
y_rep[124],85.2348,0.153307,9.79302,9.6949,69.1867,85.0287,101.407,4088.81,3718.92,2831.59,1.00043
y_rep[125],85.2143,0.158185,9.77822,9.80946,69.4989,85.2773,101.226,3910.52,3787.53,2708.11,0.999773
y_rep[126],85.4986,0.157544,9.84348,9.93875,69.2567,85.6159,101.296,3919.81,3764.98,2714.55,0.999508
y_rep[127],85.616,0.15442,9.68452,9.61607,69.641,85.4451,101.667,3939.01,3932.46,2727.85,1.00015
y_rep[128],78.5891,0.164407,9.88604,9.96746,62.3406,78.5697,94.6093,3636.17,3650.08,2518.12,1.00071
y_rep[129],78.3286,0.163388,10.0375,10.0813,61.915,78.3572,95.1795,3775.47,3757.85,2614.59,1.00052
y_rep[130],78.3692,0.168161,9.82899,9.814,61.739,78.3513,94.4713,3437.06,4056.02,2380.24,1.00026
y_rep[131],85.1854,0.155281,9.73545,9.71978,69.2084,85.3718,100.982,3943.82,3725.95,2731.18,1.00129
y_rep[132],78.5486,0.156315,9.7557,9.4406,61.9896,78.5578,94.5234,3918.61,3932.3,2713.72,1.00048
y_rep[133],78.5389,0.159174,9.99676,9.91062,61.9811,78.6157,94.5573,3983.9,3727.36,2758.93,1.00054
y_rep[134],85.4423,0.151524,9.76787,9.72251,69.1034,85.4749,101.313,4179.77,4041.01,2894.58,0.999879
y_rep[135],78.4463,0.159141,9.8694,9.52998,62.337,78.3006,94.4438,3899.03,3861.5,2700.16,1.00215
y_rep[136],85.2193,0.15451,9.65472,9.7345,69.3209,85.3419,101.087,3916.3,3977.07,2712.12,1.00079
y_rep[137],73.0815,0.14951,9.5917,9.74554,57.3342,73.05,88.5123,4127.19,3763.91,2858.16,0.99932
y_rep[138],80.7336,0.153305,9.59374,9.63934,65.0907,80.7362,96.6034,3938.74,3732.23,2727.66,1.00096
y_rep[139],80.4519,0.151507,9.74578,9.54013,64.4899,80.2631,96.6225,4145.85,3898.53,2871.09,0.999985
y_rep[140],80.6494,0.152617,9.61363,9.62499,64.6971,80.8898,96.4997,3972.51,3686.9,2751.04,1.00024
y_rep[141],73.3235,0.151458,9.45639,9.49974,57.7639,73.1454,88.3594,3928.44,3693.17,2720.52,0.999355
y_rep[142],73.3264,0.148067,9.57936,9.38615,57.7395,73.3482,89.2022,4200.25,3988.1,2908.76,0.999875
y_rep[143],73.0369,0.148513,9.63066,9.84751,57.2636,73.0561,88.6673,4219.34,4038.62,2921.98,1.00046
y_rep[144],73.2247,0.151248,9.68719,9.66777,57.3219,73.3885,89.0062,4105.88,3814.14,2843.4,1.00001
y_rep[145],80.3456,0.149006,9.63309,9.51931,64.298,80.2924,96.251,4185.04,3812.5,2898.23,1.00092
y_rep[146],80.7007,0.152674,9.65462,9.31161,64.6817,80.8015,96.5167,4008.3,3927.07,2775.83,1.00056
y_rep[147],80.2209,0.153408,9.73729,9.75217,64.4764,80.1475,96.1329,4033.01,3916.13,2792.94,1.00043
y_rep[148],73.1183,0.1541,9.6759,9.59114,57.4763,73.1667,89.4067,3990.9,3870.33,2763.78,1.00072
y_rep[149],80.5328,0.158661,9.50718,9.50599,64.7119,80.8323,96.0006,3629.22,3733.61,2513.31,0.999658
y_rep[150],80.3546,0.155944,9.72848,9.67076,64.3882,80.3829,96.0603,3913.51,3654.59,2710.19,1.00043
y_rep[151],80.2715,0.153884,9.74439,9.37908,64.0542,80.3304,96.4171,4034.95,3879.45,2794.28,1.00061
y_rep[152],80.4502,0.161764,9.71817,9.75005,65.0286,80.4342,96.3214,3613.81,3909.56,2502.64,1.00046
y_rep[153],73.1859,0.152523,9.59254,9.65007,57.2467,73.1975,88.8262,3956.57,4027.26,2740.01,0.999656
y_rep[154],73.1012,0.154062,9.69666,9.68768,57.3243,72.9866,89.4146,4002.4,3921.31,2771.75,1.00057
y_rep[155],73.2029,0.160295,9.74735,9.95342,57.1453,73.1232,89.1214,3749.57,3833.6,2596.65,1.00099
y_rep[156],80.6661,0.153017,9.81897,9.97251,64.347,80.7022,96.7434,4124.81,4098.81,2856.52,1.00023
y_rep[157],73.0728,0.156426,9.64971,9.73149,57.3509,72.9925,89.0023,3857.64,3595.83,2671.5,1.00155
y_rep[158],73.5823,0.148039,9.63764,9.62139,58.1268,73.4581,89.7289,4246.82,4014.08,2941.01,1.00013
y_rep[159],73.3573,0.151663,9.62373,9.66233,57.778,73.2936,89.035,4030.71,4021.04,2791.35,1.00089
y_rep[160],73.2739,0.153019,9.56789,9.50449,57.5911,73.2086,89.227,3922.45,3831.64,2716.38,1.00003
